STATE,ST_CASE,VE_TOTAL,VE_FORMS,PVH_INVL,PEDS,PERNOTMVIT,PERMVIT,PERSONS,COUNTY,CITY,DAY,MONTH,YEAR,DAY_WEEK,HOUR,MINUTE,NHS,ROAD_FNC,ROUTE,TWAY_ID,TWAY_ID2,MILEPT,LATITUDE,LONGITUD,SP_JUR,HARM_EV,MAN_COLL,RELJCT1,RELJCT2,TYP_INT,WRK_ZONE,REL_ROAD,LGT_COND,WEATHER1,WEATHER2,WEATHER,SCH_BUS,RAIL,NOT_HOUR,NOT_MIN,ARR_HOUR,ARR_MIN,HOSP_HR,HOSP_MN,CF1,CF2,CF3,FATALS,DRUNK_DR
6,60512,1,1,0,0,0,1,1,41,2460,13,4,2013,7,18,40,1,12,2,US-101,,191,38.0777,-122.5432,0,7,0,0,1,1,0,4,1,1,0,1,0,0000000,99,99,99,99,88,88,0,0,0,1,0
6,60513,1,1,0,0,0,4,4,37,2645,13,4,2013,7,20,13,1,12,3,SR-14,,627,34.61631667,-118.1531083,0,33,0,0,1,1,0,4,2,1,0,1,0,0000000,99,99,99,99,99,99,0,0,0,1,1
6,60834,1,1,0,1,1,1,1,71,3210,13,4,2013,7,20,16,0,15,6,GOLDEN AVE,E DATE ST,0,34.14130833,-117.2610972,0,15,0,0,1,1,0,1,3,1,0,1,0,0000000,99,99,99,99,99,99,0,0,0,1,0
6,60890,2,2,0,0,0,4,4,67,0,13,4,2013,7,21,35,0,3,4,CR-SAN JUAN AVE,CR-PALM AVE,0,38.661075,-121.2922,0,12,6,0,2,3,0,1,3,1,0,1,0,0000000,99,99,99,99,99,99,0,0,0,2,1
6,60898,2,2,0,0,0,3,3,37,1980,13,4,2013,7,20,15,1,12,3,SR-134,,36,34.1552,-118.3178694,0,12,1,0,1,1,0,1,5,10,0,10,0,0000000,99,99,99,99,99,99,26,0,0,1,1
6,62197,1,1,0,1,1,2,2,65,612,13,4,2013,7,19,45,0,13,6,E PALM CYN DR,,0,33.79025556,-116.4851806,0,9,0,0,8,1,0,1,2,1,0,1,0,0000000,99,99,99,99,88,88,0,0,0,1,1